{
    "loss": 0.21161967515945435,
    "accuracy": 0.9073092937469482,
    "precision": 0.9073092937469482,
    "recall": 0.9073092937469482,
    "f1_score": 0.8712664842605591
}