{
    "loss": 0.22139376401901245,
    "accuracy": 0.9179025292396545,
    "precision": 0.9179025292396545,
    "recall": 0.9179025292396545,
    "f1_score": 0.8835920095443726
}